ARI_A,ARI_B_flipped,Delta,N
0.852099817407182,0.852099817407182,0.0,28
